num_users,user_id,start_time,end_time,status,details
10,1,1752682901.165525,1752682903.276964,SUCCESS,200
10,2,1752682901.1678896,1752682905.3585465,SUCCESS,200
10,4,1752682901.1708767,1752682907.4383073,SUCCESS,200
10,3,1752682901.1691585,1752682909.5210629,SUCCESS,200
10,5,1752682901.1725862,1752682911.582146,SUCCESS,200
10,6,1752682901.1738398,1752682913.6580954,SUCCESS,200
10,7,1752682901.1750238,1752682915.7599971,SUCCESS,200
10,8,1752682901.1762211,1752682917.8336759,SUCCESS,200
10,9,1752682901.1772258,1752682919.8999536,SUCCESS,200
10,10,1752682901.1785038,1752682921.9662802,SUCCESS,200
