num_users,user_id,start_time,end_time,status,details
30,1,1752682983.550302,1752682985.6331801,SUCCESS,200
30,2,1752682983.5524466,1752682987.7140613,SUCCESS,200
30,4,1752682983.5552847,1752682989.7961597,SUCCESS,200
30,3,1752682983.554405,1752682991.8689091,SUCCESS,200
30,5,1752682983.5581856,1752682993.9528272,SUCCESS,200
30,6,1752682983.5598018,1752682996.0300908,SUCCESS,200
30,7,1752682983.561922,1752682998.0898407,SUCCESS,200
30,9,1752682983.5654519,1752683000.1580334,SUCCESS,200
30,8,1752682983.563304,1752683002.2324555,SUCCESS,200
30,11,1752682983.5675538,1752683004.3166084,SUCCESS,200
30,13,1752682983.5697868,1752683006.3968444,SUCCESS,200
30,10,1752682983.5665166,1752683008.4749906,SUCCESS,200
30,16,1752682983.5729444,1752683010.5537179,SUCCESS,200
30,14,1752682983.5707061,1752683012.6181836,SUCCESS,200
30,15,1752682983.5714526,1752683014.7163906,SUCCESS,200
30,17,1752682983.573975,1752683016.782377,SUCCESS,200
30,19,1752682983.5761766,1752683018.860974,SUCCESS,200
30,12,1752682983.5685334,1752683020.9468179,SUCCESS,200
30,20,1752682983.5775278,1752683023.0389516,SUCCESS,200
30,24,1752682983.5822833,1752683025.1061146,SUCCESS,200
30,18,1752682983.5754507,1752683027.1731493,SUCCESS,200
30,21,1752682983.5796967,1752683029.243076,SUCCESS,200
30,23,1752682983.5813556,1752683031.3098245,SUCCESS,200
30,22,1752682983.5802052,1752683033.379954,SUCCESS,200
30,26,1752682983.586443,1752683035.462622,SUCCESS,200
30,25,1752682983.5845559,1752683037.529227,SUCCESS,200
30,27,1752682983.5877113,1752683039.5900197,SUCCESS,200
30,28,1752682983.5894933,1752683041.6586764,SUCCESS,200
30,30,1752682983.591648,1752683043.7220855,SUCCESS,200
30,29,1752682983.5907285,1752683045.796805,SUCCESS,200
