num_users,user_id,start_time,end_time,status,details
26,1,1752680359.218969,1752680359.894431,SUCCESS,200
26,3,1752680359.2226615,1752680359.903715,SUCCESS,200
26,7,1752680359.2292295,1752680359.9101994,SUCCESS,200
26,4,1752680359.2246587,1752680359.9206212,SUCCESS,200
26,5,1752680359.225307,1752680359.9297285,SUCCESS,200
26,2,1752680359.2207136,1752680359.9366045,SUCCESS,200
26,10,1752680359.2326932,1752680359.9550982,SUCCESS,200
26,6,1752680359.227625,1752680359.9700904,SUCCESS,200
26,9,1752680359.2307932,1752680359.9811158,SUCCESS,200
26,11,1752680359.233715,1752680359.9909208,SUCCESS,200
26,12,1752680359.2349274,1752680360.5611901,SUCCESS,200
26,8,1752680359.2303236,1752680360.568949,SUCCESS,200
26,13,1752680359.2359533,1752680360.577614,SUCCESS,200
26,17,1752680359.2403033,1752680360.5851912,SUCCESS,200
26,18,1752680359.2416375,1752680360.591772,SUCCESS,200
26,14,1752680359.2371306,1752680360.6019816,SUCCESS,200
26,16,1752680359.23932,1752680360.608213,SUCCESS,200
26,15,1752680359.238356,1752680360.6272855,SUCCESS,200
26,22,1752680359.2461798,1752680360.652578,SUCCESS,200
26,20,1752680359.2433918,1752680360.659718,SUCCESS,200
26,21,1752680359.245209,1752680361.1037304,SUCCESS,200
26,24,1752680359.2492304,1752680361.112389,SUCCESS,200
26,23,1752680359.2472355,1752680361.1186619,SUCCESS,200
26,19,1752680359.2428849,1752680361.1251953,SUCCESS,200
26,25,1752680359.2504852,1752680361.1337168,SUCCESS,200
26,26,1752680359.251848,1752680361.1523926,SUCCESS,200
