num_users,user_id,start_time,end_time,status,details
28,3,1752680371.1753013,1752680371.9860485,SUCCESS,200
28,8,1752680371.1831489,1752680371.9932325,SUCCESS,200
28,10,1752680371.1854274,1752680372.016507,SUCCESS,200
28,7,1752680371.1818922,1752680372.0256732,SUCCESS,200
28,9,1752680371.1846738,1752680372.034882,SUCCESS,200
28,5,1752680371.178321,1752680372.0453165,SUCCESS,200
28,6,1752680371.1800704,1752680372.0543287,SUCCESS,200
28,2,1752680371.1731458,1752680372.0828254,SUCCESS,200
28,4,1752680371.1766844,1752680372.1208804,SUCCESS,200
28,1,1752680371.1703959,1752680372.1368618,SUCCESS,200
28,12,1752680371.1882567,1752680372.5618663,SUCCESS,200
28,13,1752680371.1893566,1752680372.5955234,SUCCESS,200
28,11,1752680371.1871288,1752680372.6232765,SUCCESS,200
28,14,1752680371.1910865,1752680372.6542604,SUCCESS,200
28,15,1752680371.1921797,1752680372.6666155,SUCCESS,200
28,17,1752680371.1947334,1752680372.674809,SUCCESS,200
28,19,1752680371.196903,1752680372.6826067,SUCCESS,200
28,16,1752680371.193562,1752680372.717489,SUCCESS,200
28,20,1752680371.1983817,1752680372.787065,SUCCESS,200
28,18,1752680371.1957247,1752680372.8353317,SUCCESS,200
28,21,1752680371.1995842,1752680373.1327817,SUCCESS,200
28,22,1752680371.200809,1752680373.1493754,SUCCESS,200
28,23,1752680371.202657,1752680373.1861773,SUCCESS,200
28,24,1752680371.2040348,1752680373.2128267,SUCCESS,200
28,27,1752680371.2082,1752680373.2213538,SUCCESS,200
28,25,1752680371.205618,1752680373.2414691,SUCCESS,200
28,26,1752680371.2067735,1752680373.2480474,SUCCESS,200
28,28,1752680371.2093248,1752680373.2542017,SUCCESS,200
