num_users,user_id,start_time,end_time,status,details
35,4,1752680407.9984796,1752680408.800004,SUCCESS,200
35,9,1752680408.005839,1752680408.8068535,SUCCESS,200
35,2,1752680407.9943588,1752680408.8149762,SUCCESS,200
35,6,1752680408.0023766,1752680408.8778903,SUCCESS,200
35,10,1752680408.007691,1752680408.897876,SUCCESS,200
35,5,1752680408.0013874,1752680408.9058201,SUCCESS,200
35,3,1752680407.9960353,1752680408.936211,SUCCESS,200
35,7,1752680408.0034919,1752680408.9523973,SUCCESS,200
35,1,1752680407.9923604,1752680408.9595096,SUCCESS,200
35,8,1752680408.0045211,1752680408.9675164,SUCCESS,200
35,11,1752680408.0090168,1752680409.4448588,SUCCESS,200
35,12,1752680408.0102808,1752680409.454867,SUCCESS,200
35,13,1752680408.0116303,1752680409.4946713,SUCCESS,200
35,14,1752680408.0121825,1752680409.5009346,SUCCESS,200
35,15,1752680408.0137064,1752680409.505742,SUCCESS,200
35,16,1752680408.015503,1752680409.5454066,SUCCESS,200
35,17,1752680408.0167944,1752680409.5992537,SUCCESS,200
35,18,1752680408.0182872,1752680409.604664,SUCCESS,200
35,20,1752680408.0207705,1752680409.6260986,SUCCESS,200
35,19,1752680408.0195909,1752680409.6807013,SUCCESS,200
35,21,1752680408.0223231,1752680410.0630362,SUCCESS,200
35,23,1752680408.0245714,1752680410.0723186,SUCCESS,200
35,24,1752680408.025742,1752680410.082633,SUCCESS,200
35,26,1752680408.0275087,1752680410.0988898,SUCCESS,200
35,22,1752680408.0234034,1752680410.1454945,SUCCESS,200
35,27,1752680408.0290368,1752680410.150983,SUCCESS,200
35,25,1752680408.0270162,1752680410.1655412,SUCCESS,200
35,28,1752680408.030316,1752680410.1843517,SUCCESS,200
35,29,1752680408.0317051,1752680410.2158377,SUCCESS,200
35,32,1752680408.0358317,1752680410.2476501,SUCCESS,200
35,31,1752680408.0344079,1752680410.532221,SUCCESS,200
35,33,1752680408.037798,1752680410.5428984,SUCCESS,200
35,30,1752680408.0332599,1752680410.5480433,SUCCESS,200
35,35,1752680408.0413022,1752680410.5646074,SUCCESS,200
35,34,1752680408.0399208,1752680410.5804787,SUCCESS,200
