num_users,user_id,start_time,end_time,status,details
22,1,1752680335.1432931,1752680335.949658,SUCCESS,200
22,4,1752680335.1500523,1752680335.9643047,SUCCESS,200
22,8,1752680335.1563125,1752680335.971777,SUCCESS,200
22,11,1752680335.1595278,1752680336.0208127,SUCCESS,200
22,5,1752680335.1516893,1752680336.0559561,SUCCESS,200
22,3,1752680335.148373,1752680336.0945244,SUCCESS,200
22,9,1752680335.1569312,1752680336.1019914,SUCCESS,200
22,7,1752680335.1548874,1752680336.109832,SUCCESS,200
22,2,1752680335.1452503,1752680336.1263337,SUCCESS,200
22,6,1752680335.1530046,1752680336.1721525,SUCCESS,200
22,10,1752680335.1591868,1752680336.700937,SUCCESS,200
22,13,1752680335.162998,1752680336.7115958,SUCCESS,200
22,14,1752680335.164387,1752680336.7942922,SUCCESS,200
22,12,1752680335.160542,1752680336.8161912,SUCCESS,200
22,16,1752680335.167189,1752680336.8382213,SUCCESS,200
22,18,1752680335.1696842,1752680336.8464417,SUCCESS,200
22,15,1752680335.1648464,1752680336.8566296,SUCCESS,200
22,17,1752680335.1683536,1752680336.8621705,SUCCESS,200
22,19,1752680335.1708984,1752680336.8745024,SUCCESS,200
22,21,1752680335.1726193,1752680336.9142833,SUCCESS,200
22,22,1752680335.1743634,1752680337.1623032,SUCCESS,200
22,20,1752680335.1722453,1752680337.1854074,SUCCESS,200
