num_users,user_id,start_time,end_time,status,details
30,3,1752681406.4285572,1752681407.1865873,SUCCESS,200
30,4,1752681406.4294918,1752681407.2510571,SUCCESS,200
30,11,1752681406.439613,1752681407.257218,SUCCESS,200
30,7,1752681406.4349458,1752681407.2800856,SUCCESS,200
30,6,1752681406.432971,1752681407.3510175,SUCCESS,200
30,9,1752681406.4371822,1752681407.3636122,SUCCESS,200
30,2,1752681406.4258134,1752681407.375605,SUCCESS,200
30,1,1752681406.4238777,1752681407.3836725,SUCCESS,200
30,8,1752681406.4359765,1752681407.4293807,SUCCESS,200
30,5,1752681406.4323118,1752681407.4378898,SUCCESS,200
30,10,1752681406.4386978,1752681407.911432,SUCCESS,200
30,14,1752681406.4424627,1752681407.9780438,SUCCESS,200
30,13,1752681406.4416113,1752681407.9850304,SUCCESS,200
30,17,1752681406.445961,1752681408.0108705,SUCCESS,200
30,12,1752681406.4404762,1752681408.022668,SUCCESS,200
30,18,1752681406.447757,1752681408.0300422,SUCCESS,200
30,16,1752681406.445053,1752681408.0463529,SUCCESS,200
30,15,1752681406.443669,1752681408.0636957,SUCCESS,200
30,19,1752681406.4489853,1752681408.0915866,SUCCESS,200
30,20,1752681406.4502988,1752681408.1135838,SUCCESS,200
30,21,1752681406.4516373,1752681408.543508,SUCCESS,200
30,25,1752681406.4572623,1752681408.6240659,SUCCESS,200
30,22,1752681406.4532692,1752681408.6325128,SUCCESS,200
30,23,1752681406.4546678,1752681408.6380212,SUCCESS,200
30,27,1752681406.4597008,1752681408.6436462,SUCCESS,200
30,24,1752681406.4559126,1752681408.6502435,SUCCESS,200
30,28,1752681406.46088,1752681408.6631882,SUCCESS,200
30,29,1752681406.4622467,1752681408.6706154,SUCCESS,200
30,30,1752681406.4633949,1752681408.678179,SUCCESS,200
30,26,1752681406.4583383,1752681408.6857524,SUCCESS,200
