num_users,user_id,start_time,end_time,status,details
40,1,1752683055.8263721,1752683057.905072,SUCCESS,200
40,3,1752683055.8307893,1752683059.9666321,SUCCESS,200
40,4,1752683055.8325508,1752683062.0382245,SUCCESS,200
40,2,1752683055.8286705,1752683064.1110382,SUCCESS,200
40,5,1752683055.8343728,1752683066.19484,SUCCESS,200
40,7,1752683055.8369048,1752683068.2569973,SUCCESS,200
40,6,1752683055.8363855,1752683070.3283668,SUCCESS,200
40,8,1752683055.839213,1752683072.407373,SUCCESS,200
40,10,1752683055.8425407,1752683074.4846983,SUCCESS,200
40,9,1752683055.8407888,1752683076.550179,SUCCESS,200
40,13,1752683055.8458226,1752683078.6154125,SUCCESS,200
40,14,1752683055.847232,1752683080.730436,SUCCESS,200
40,17,1752683055.8516905,1752683082.7946455,SUCCESS,200
40,16,1752683055.850619,1752683084.8653374,SUCCESS,200
40,18,1752683055.852858,1752683086.9334598,SUCCESS,200
40,12,1752683055.8447301,1752683088.9948065,SUCCESS,200
40,21,1752683055.856903,1752683091.0884364,SUCCESS,200
40,20,1752683055.8560402,1752683093.148428,SUCCESS,200
40,15,1752683055.8494835,1752683095.2197278,SUCCESS,200
40,19,1752683055.854742,1752683097.296924,SUCCESS,200
40,23,1752683055.8587472,1752683099.3650208,SUCCESS,200
40,11,1752683055.8440933,1752683101.4305975,SUCCESS,200
40,22,1752683055.8576524,1752683103.493274,SUCCESS,200
40,24,1752683055.859986,1752683105.5789113,SUCCESS,200
40,25,1752683055.8618195,1752683107.6505308,SUCCESS,200
40,26,1752683055.8630059,1752683109.7074134,SUCCESS,200
40,27,1752683055.8642259,1752683111.782901,SUCCESS,200
40,28,1752683055.8653836,1752683113.8567216,SUCCESS,200
40,29,1752683055.8664424,1752683115.9249227,SUCCESS,200
40,30,1752683055.867445,1752683117.9848332,SUCCESS,200
40,32,1752683055.8696065,1752683120.0441318,SUCCESS,200
40,33,1752683055.8705704,1752683122.1092682,SUCCESS,200
40,34,1752683055.8715737,1752683124.1938837,SUCCESS,200
40,35,1752683055.8722675,1752683126.284671,SUCCESS,200
40,31,1752683055.8687136,1752683128.355654,SUCCESS,200
40,36,1752683055.8734412,1752683130.4412737,SUCCESS,200
40,40,1752683055.8770652,1752683132.5077243,SUCCESS,200
40,39,1752683055.8763509,1752683134.5682924,SUCCESS,200
40,37,1752683055.8745942,1752683136.657878,SUCCESS,200
40,38,1752683055.8755922,1752683138.721371,SUCCESS,200
