num_users,user_id,start_time,end_time,status,details,ram_avg_bytes
30,1,1752697582.188782,1752697582.6853707,SUCCESS,200,8618139.27
30,2,1752697582.190559,1752697583.1703362,SUCCESS,200,9568392.67
30,3,1752697582.1924381,1752697583.6578295,SUCCESS,200,9491929.50
30,4,1752697582.1937406,1752697584.138635,SUCCESS,200,9695073.17
30,5,1752697582.196985,1752697584.62435,SUCCESS,200,9089531.33
30,9,1752697582.2025614,1752697585.1100676,SUCCESS,200,9214184.00
30,6,1752697582.1984074,1752697585.5986018,SUCCESS,200,9599592.67
30,7,1752697582.199003,1752697586.0806956,SUCCESS,200,9409172.33
30,8,1752697582.2013588,1752697586.5703459,SUCCESS,200,9585430.83
30,10,1752697582.2042568,1752697587.0569339,SUCCESS,200,10025313.00
30,12,1752697582.206818,1752697587.5478485,SUCCESS,200,8892825.80
30,15,1752697582.2106252,1752697588.0333247,SUCCESS,200,10052004.83
30,11,1752697582.2056975,1752697588.5183413,SUCCESS,200,9849624.00
30,14,1752697582.2091956,1752697589.0041852,SUCCESS,200,9336219.33
30,16,1752697582.2120838,1752697589.492066,SUCCESS,200,8835007.17
30,13,1752697582.2081451,1752697589.9790506,SUCCESS,200,9410024.50
30,19,1752697582.2163343,1752697590.4601743,SUCCESS,200,8483829.83
30,17,1752697582.214143,1752697590.9412606,SUCCESS,200,8283482.21
30,20,1752697582.2176497,1752697591.4276884,SUCCESS,200,8612636.50
30,21,1752697582.2192023,1752697591.9138181,SUCCESS,200,9123263.33
30,22,1752697582.2205245,1752697592.3990219,SUCCESS,200,9487842.83
30,23,1752697582.2218373,1752697592.8867953,SUCCESS,200,8790955.00
30,26,1752697582.2258592,1752697593.3717027,SUCCESS,200,9228238.67
30,25,1752697582.224734,1752697593.8608608,SUCCESS,200,8407112.17
30,27,1752697582.2271235,1752697594.3469512,SUCCESS,200,8188286.67
30,18,1752697582.2151918,1752697594.8321626,SUCCESS,200,9955028.83
30,24,1752697582.2236078,1752697595.3230484,SUCCESS,200,9002270.69
30,28,1752697582.2280712,1752697595.805488,SUCCESS,200,8426362.00
30,29,1752697582.2295187,1752697596.297324,SUCCESS,200,8377837.39
30,30,1752697582.2308953,1752697596.7865484,SUCCESS,200,8004154.83
