num_users,user_id,start_time,end_time,status,details
10,3,1752680312.1913285,1752680313.2194104,SUCCESS,200
10,4,1752680312.1933966,1752680313.3277483,SUCCESS,200
10,5,1752680312.1956267,1752680313.3339338,SUCCESS,200
10,10,1752680312.2022052,1752680313.3424077,SUCCESS,200
10,9,1752680312.200936,1752680313.3499157,SUCCESS,200
10,8,1752680312.1998398,1752680313.3576815,SUCCESS,200
10,6,1752680312.19709,1752680313.3801265,SUCCESS,200
10,1,1752680312.1864226,1752680313.3879747,SUCCESS,200
10,2,1752680312.189111,1752680313.3957047,SUCCESS,200
10,7,1752680312.198787,1752680313.4022732,SUCCESS,200
