num_users,user_id,start_time,end_time,status,details
30,3,1752687782.4291327,1752687786.1843233,SUCCESS,200
30,4,1752687782.4308684,1752687789.8962383,SUCCESS,200
30,1,1752687782.4254467,1752687793.533796,SUCCESS,200
30,5,1752687782.4327846,1752687797.1905017,SUCCESS,200
30,2,1752687782.4273028,1752687800.6852903,SUCCESS,200
30,7,1752687782.4357188,1752687804.1312351,SUCCESS,200
30,6,1752687782.4344473,1752687807.700405,SUCCESS,200
30,8,1752687782.4372702,1752687811.2677462,SUCCESS,200
30,12,1752687782.4408507,1752687814.7958796,SUCCESS,200
30,10,1752687782.439374,1752687818.383561,SUCCESS,200
30,13,1752687782.441822,1752687821.9837317,SUCCESS,200
30,14,1752687782.4440522,1752687825.6445067,SUCCESS,200
30,15,1752687782.445088,1752687829.329164,SUCCESS,200
30,16,1752687782.447589,1752687832.9800448,SUCCESS,200
30,9,1752687782.438,1752687836.5178778,SUCCESS,200
30,11,1752687782.4397936,1752687840.0158327,SUCCESS,200
30,17,1752687782.4493597,1752687843.6157045,SUCCESS,200
30,18,1752687782.449708,1752687847.0944915,SUCCESS,200
30,20,1752687782.4516819,1752687850.6117935,SUCCESS,200
30,19,1752687782.450739,1752687854.1299033,SUCCESS,200
30,21,1752687782.4538364,1752687857.7632675,SUCCESS,200
30,22,1752687782.4551613,1752687861.3235795,SUCCESS,200
30,23,1752687782.4568408,1752687864.8872595,SUCCESS,200
30,24,1752687782.4579859,1752687868.3431349,SUCCESS,200
30,25,1752687782.4590204,1752687871.6533935,SUCCESS,200
30,26,1752687782.460177,1752687875.163474,SUCCESS,200
30,27,1752687782.460925,1752687878.7284424,SUCCESS,200
30,30,1752687782.463118,1752687882.2920282,SUCCESS,200
30,28,1752687782.4616861,1752687885.9100366,SUCCESS,200
30,29,1752687782.4627113,1752687889.5344949,SUCCESS,200
