num_users,user_id,start_time,end_time,status,details
20,1,1752685937.817399,1752685941.8389761,SUCCESS,200
20,2,1752685937.8195446,1752685941.8458796,SUCCESS,200
20,3,1752685937.8219366,1752685945.8712149,SUCCESS,200
20,5,1752685937.8259084,1752685945.8895059,SUCCESS,200
20,6,1752685937.827418,1752685949.8964722,SUCCESS,200
20,8,1752685937.8304355,1752685949.9116004,SUCCESS,200
20,4,1752685937.823447,1752685953.9573333,SUCCESS,200
20,10,1752685937.8328025,1752685953.967275,SUCCESS,200
20,7,1752685937.8289716,1752685958.010229,SUCCESS,200
20,12,1752685937.835399,1752685958.0164754,SUCCESS,200
20,11,1752685937.834051,1752685961.9374776,SUCCESS,200
20,9,1752685937.8317134,1752685961.9555476,SUCCESS,200
20,14,1752685937.8390574,1752685965.861691,SUCCESS,200
20,13,1752685937.8379197,1752685965.8945656,SUCCESS,200
20,15,1752685937.8401372,1752685969.5822947,SUCCESS,200
20,18,1752685937.843414,1752685969.6249454,SUCCESS,200
20,16,1752685937.8416207,1752685973.5150044,SUCCESS,200
20,17,1752685937.8425982,1752685973.5222635,SUCCESS,200
20,20,1752685937.845252,1752685977.3361552,SUCCESS,200
20,19,1752685937.8444722,1752685977.4110873,SUCCESS,200
