num_users,user_id,start_time,end_time,status,details
10,8,1752681383.4737096,1752681384.5709238,SUCCESS,200
10,3,1752681383.4672287,1752681384.6064675,SUCCESS,200
10,7,1752681383.4727027,1752681384.616088,SUCCESS,200
10,10,1752681383.4763381,1752681384.63687,SUCCESS,200
10,1,1752681383.4630718,1752681384.6693606,SUCCESS,200
10,2,1752681383.4656563,1752681384.6780667,SUCCESS,200
10,5,1752681383.4702616,1752681384.6849985,SUCCESS,200
10,9,1752681383.475045,1752681384.6922865,SUCCESS,200
10,4,1752681383.4689522,1752681384.701163,SUCCESS,200
10,6,1752681383.4716492,1752681384.7091932,SUCCESS,200
