num_users,user_id,start_time,end_time,status,details
20,4,1752680323.4467785,1752680324.248952,SUCCESS,200
20,8,1752680323.4532628,1752680324.2558749,SUCCESS,200
20,5,1752680323.448707,1752680324.2635028,SUCCESS,200
20,6,1752680323.4497244,1752680324.273038,SUCCESS,200
20,1,1752680323.440216,1752680324.2965214,SUCCESS,200
20,7,1752680323.4510148,1752680324.309878,SUCCESS,200
20,11,1752680323.4578137,1752680324.345656,SUCCESS,200
20,2,1752680323.4422257,1752680324.382117,SUCCESS,200
20,3,1752680323.444793,1752680324.400762,SUCCESS,200
20,9,1752680323.4552372,1752680324.4391603,SUCCESS,200
20,10,1752680323.4566882,1752680324.9112558,SUCCESS,200
20,14,1752680323.4605374,1752680324.9672432,SUCCESS,200
20,12,1752680323.4588873,1752680324.977725,SUCCESS,200
20,13,1752680323.4593418,1752680324.9869509,SUCCESS,200
20,16,1752680323.464399,1752680325.0045924,SUCCESS,200
20,18,1752680323.4666963,1752680325.0132074,SUCCESS,200
20,17,1752680323.465552,1752680325.0264359,SUCCESS,200
20,19,1752680323.4678712,1752680325.049404,SUCCESS,200
20,15,1752680323.4630783,1752680325.0759182,SUCCESS,200
20,20,1752680323.4693882,1752680325.1231463,SUCCESS,200
