num_users,user_id,start_time,end_time,status,details
32,8,1752680395.4154577,1752680396.2115574,SUCCESS,200
32,2,1752680395.4061508,1752680396.256595,SUCCESS,200
32,10,1752680395.4185853,1752680396.2736797,SUCCESS,200
32,7,1752680395.4142802,1752680396.290987,SUCCESS,200
32,1,1752680395.4038646,1752680396.3196461,SUCCESS,200
32,6,1752680395.4118514,1752680396.3337767,SUCCESS,200
32,9,1752680395.4173284,1752680396.3610518,SUCCESS,200
32,5,1752680395.4112887,1752680396.3684576,SUCCESS,200
32,4,1752680395.4106388,1752680396.376264,SUCCESS,200
32,3,1752680395.409,1752680396.390438,SUCCESS,200
32,14,1752680395.4234378,1752680396.9478061,SUCCESS,200
32,12,1752680395.421159,1752680396.9660926,SUCCESS,200
32,11,1752680395.4198802,1752680396.9877913,SUCCESS,200
32,18,1752680395.429842,1752680396.9934247,SUCCESS,200
32,13,1752680395.4228637,1752680397.0164115,SUCCESS,200
32,16,1752680395.4272583,1752680397.02508,SUCCESS,200
32,15,1752680395.4249148,1752680397.074749,SUCCESS,200
32,17,1752680395.428757,1752680397.0819907,SUCCESS,200
32,21,1752680395.4342802,1752680397.089778,SUCCESS,200
32,20,1752680395.4326904,1752680397.0970619,SUCCESS,200
32,24,1752680395.4379582,1752680397.499386,SUCCESS,200
32,19,1752680395.4314187,1752680397.569819,SUCCESS,200
32,25,1752680395.4394653,1752680397.5830789,SUCCESS,200
32,23,1752680395.4369652,1752680397.5934389,SUCCESS,200
32,22,1752680395.4355524,1752680397.6040316,SUCCESS,200
32,27,1752680395.44221,1752680397.6317322,SUCCESS,200
32,26,1752680395.4406445,1752680397.6471949,SUCCESS,200
32,28,1752680395.443586,1752680397.659091,SUCCESS,200
32,29,1752680395.4446201,1752680397.6865993,SUCCESS,200
32,30,1752680395.445044,1752680397.6942155,SUCCESS,200
32,32,1752680395.4480617,1752680397.9622998,SUCCESS,200
32,31,1752680395.44681,1752680397.973151,SUCCESS,200
