num_users,user_id,start_time,end_time,status,details
30,6,1752680383.2874637,1752680383.9632518,SUCCESS,200
30,5,1752680383.2861,1752680383.9724135,SUCCESS,200
30,7,1752680383.2879198,1752680383.9796932,SUCCESS,200
30,10,1752680383.2926238,1752680383.9872985,SUCCESS,200
30,4,1752680383.282529,1752680383.9957385,SUCCESS,200
30,8,1752680383.2890754,1752680384.0047362,SUCCESS,200
30,9,1752680383.2911637,1752680384.0155513,SUCCESS,200
30,1,1752680383.277636,1752680384.0202036,SUCCESS,200
30,2,1752680383.2801113,1752680384.0272973,SUCCESS,200
30,3,1752680383.281065,1752680384.0356386,SUCCESS,200
30,16,1752680383.2992828,1752680384.639271,SUCCESS,200
30,15,1752680383.2982843,1752680384.6608822,SUCCESS,200
30,11,1752680383.2935781,1752680384.6690285,SUCCESS,200
30,17,1752680383.3002355,1752680384.6904078,SUCCESS,200
30,12,1752680383.2947779,1752680384.6974337,SUCCESS,200
30,18,1752680383.3013196,1752680384.7072153,SUCCESS,200
30,21,1752680383.3039834,1752680384.713391,SUCCESS,200
30,19,1752680383.302347,1752680384.722041,SUCCESS,200
30,14,1752680383.2968907,1752680384.7297916,SUCCESS,200
30,13,1752680383.2959511,1752680384.737525,SUCCESS,200
30,20,1752680383.3036351,1752680385.3041074,SUCCESS,200
30,24,1752680383.3083775,1752680385.309799,SUCCESS,200
30,23,1752680383.3072007,1752680385.3234358,SUCCESS,200
30,25,1752680383.309611,1752680385.331742,SUCCESS,200
30,28,1752680383.3127017,1752680385.3398094,SUCCESS,200
30,22,1752680383.306039,1752680385.3471375,SUCCESS,200
30,27,1752680383.3117115,1752680385.3521066,SUCCESS,200
30,26,1752680383.310422,1752680385.3614197,SUCCESS,200
30,29,1752680383.3141782,1752680385.3669195,SUCCESS,200
30,30,1752680383.3154671,1752680385.3747978,SUCCESS,200
