num_users,user_id,start_time,end_time,status,details,ram_avg_bytes
20,1,1752692796.6086557,1752692800.582319,SUCCESS,200,73828884.61
20,2,1752692796.610622,1752692804.512843,SUCCESS,200,84038428.43
20,3,1752692796.6131468,1752692808.4639163,SUCCESS,200,82752410.86
20,5,1752692796.6167955,1752692812.3751054,SUCCESS,200,84119307.36
20,4,1752692796.6148894,1752692816.3498404,SUCCESS,200,81635994.12
20,8,1752692796.6214383,1752692820.2969685,SUCCESS,200,82969325.16
20,6,1752692796.6179492,1752692824.2254329,SUCCESS,200,92478640.24
20,9,1752692796.6228685,1752692828.1547632,SUCCESS,200,78075251.71
20,11,1752692796.6250162,1752692832.119741,SUCCESS,200,90282133.98
20,10,1752692796.6240969,1752692836.0466828,SUCCESS,200,82155779.55
20,7,1752692796.6198816,1752692839.9736903,SUCCESS,200,89726954.14
20,14,1752692796.6292732,1752692843.8798318,SUCCESS,200,92309188.00
20,12,1752692796.626779,1752692847.8670278,SUCCESS,200,79965535.66
20,13,1752692796.628154,1752692851.776757,SUCCESS,200,92494477.46
20,15,1752692796.6304889,1752692855.7047753,SUCCESS,200,77651108.80
20,16,1752692796.631743,1752692859.6908183,SUCCESS,200,81999772.22
20,18,1752692796.6345782,1752692863.6042485,SUCCESS,200,88643402.29
20,17,1752692796.6328833,1752692867.5357926,SUCCESS,200,84119244.42
20,20,1752692796.6361277,1752692871.4428642,SUCCESS,200,86977038.91
20,19,1752692796.6357431,1752692875.4390998,SUCCESS,200,84155046.42
