num_users,user_id,start_time,end_time
60,13,1752675825.4566932,
60,12,1752675825.4551363,
60,7,1752675825.447203,
60,14,1752675825.45756,
60,22,1752675825.4695148,
60,8,1752675825.4478858,
60,31,1752675825.481594,
60,3,1752675825.4419975,
60,15,1752675825.4578733,
60,30,1752675825.4801643,
60,11,1752675825.4540212,
60,1,1752675825.4383638,
60,5,1752675825.4457405,
60,24,1752675825.4713838,
60,9,1752675825.4506588,
60,17,1752675825.4608316,
60,21,1752675825.4669256,
60,10,1752675825.4528663,
60,4,1752675825.4443085,
60,6,1752675825.446383,
60,2,1752675825.4400158,
60,16,1752675825.4598618,
60,27,1752675825.476885,
60,18,1752675825.4630136,
60,20,1752675825.4657412,
60,29,1752675825.4785028,
60,34,1752675825.485549,
60,37,1752675825.4907415,
60,28,1752675825.477693,
60,39,1752675825.491768,
60,38,1752675825.491586,
60,32,1752675825.4832242,
60,46,1752675825.5036309,
60,43,1752675825.4995613,
60,26,1752675825.47495,
60,48,1752675825.5087905,
60,19,1752675825.4647014,
60,54,1752675825.5150874,
60,50,1752675825.5117054,
60,56,1752675825.5182953,
60,57,1752675825.5201085,
60,25,1752675825.473551,
60,60,1752675825.5234709,
60,40,1752675825.4938266,
60,52,1752675825.5137632,
60,42,1752675825.498729,
60,44,1752675825.499866,
60,45,1752675825.5020227,
60,47,1752675825.5067573,
60,55,1752675825.5171795,
60,53,1752675825.514797,
60,36,1752675825.4879918,
60,23,1752675825.4710739,
60,49,1752675825.509843,
60,35,1752675825.4865694,
60,59,1752675825.5226378,
60,33,1752675825.4843493,
60,41,1752675825.4961855,
60,51,1752675825.5126922,
60,58,1752675825.521742,
