num_users,user_id,start_time,end_time,status,details
10,1,1752687653.7081296,1752687657.392181,SUCCESS,200
10,2,1752687653.7103536,1752687661.1106224,SUCCESS,200
10,3,1752687653.7123451,1752687664.8846574,SUCCESS,200
10,4,1752687653.713937,1752687668.5433006,SUCCESS,200
10,5,1752687653.7153995,1752687672.2083685,SUCCESS,200
10,6,1752687653.717442,1752687675.8714416,SUCCESS,200
10,7,1752687653.7185698,1752687679.5591283,SUCCESS,200
10,8,1752687653.7198102,1752687682.9866276,SUCCESS,200
10,10,1752687653.72235,1752687686.629316,SUCCESS,200
10,9,1752687653.72107,1752687690.0644786,SUCCESS,200
