num_users,user_id,start_time,end_time,status,details
20,1,1752687700.1015136,1752687703.7750373,SUCCESS,200
20,2,1752687700.1036153,1752687707.415317,SUCCESS,200
20,3,1752687700.1053643,1752687711.129295,SUCCESS,200
20,4,1752687700.1070383,1752687714.7799134,SUCCESS,200
20,6,1752687700.1113226,1752687718.4457574,SUCCESS,200
20,7,1752687700.1128752,1752687722.1077535,SUCCESS,200
20,8,1752687700.1141577,1752687725.733612,SUCCESS,200
20,9,1752687700.1155965,1752687729.3196938,SUCCESS,200
20,5,1752687700.1100388,1752687732.7653048,SUCCESS,200
20,10,1752687700.11664,1752687736.2823884,SUCCESS,200
20,12,1752687700.1198254,1752687739.9985418,SUCCESS,200
20,11,1752687700.1182895,1752687743.622511,SUCCESS,200
20,13,1752687700.1211498,1752687747.2105834,SUCCESS,200
20,14,1752687700.1224015,1752687750.7838447,SUCCESS,200
20,15,1752687700.123527,1752687754.4841151,SUCCESS,200
20,17,1752687700.1253297,1752687758.1582873,SUCCESS,200
20,16,1752687700.124623,1752687761.7819307,SUCCESS,200
20,18,1752687700.1263855,1752687765.2780244,SUCCESS,200
20,20,1752687700.128952,1752687768.7906044,SUCCESS,200
20,19,1752687700.1276865,1752687772.3846984,SUCCESS,200
