num_users,user_id,start_time,end_time,status,details
40,2,1752687899.577904,1752687903.2609715,SUCCESS,200
40,4,1752687899.5820053,1752687906.887598,SUCCESS,200
40,3,1752687899.579653,1752687910.544709,SUCCESS,200
40,6,1752687899.5861602,1752687914.2038472,SUCCESS,200
40,1,1752687899.5757205,1752687917.8720496,SUCCESS,200
40,8,1752687899.5893862,1752687921.5735219,SUCCESS,200
40,7,1752687899.5879064,1752687925.2252536,SUCCESS,200
40,5,1752687899.5842988,1752687928.8886135,SUCCESS,200
40,9,1752687899.5907073,1752687932.5415304,SUCCESS,200
40,10,1752687899.591399,1752687936.2552776,SUCCESS,200
40,11,1752687899.593368,1752687939.9187708,SUCCESS,200
40,12,1752687899.593818,1752687943.5954125,SUCCESS,200
40,14,1752687899.5961847,1752687947.2527153,SUCCESS,200
40,16,1752687899.5985081,1752687950.946528,SUCCESS,200
40,17,1752687899.5994754,1752687954.61688,SUCCESS,200
40,18,1752687899.6003144,1752687958.2601104,SUCCESS,200
40,15,1752687899.5971715,1752687961.9137962,SUCCESS,200
40,19,1752687899.601385,1752687965.6457474,SUCCESS,200
40,21,1752687899.6046207,1752687969.2852902,SUCCESS,200
40,13,1752687899.5954285,1752687972.9463143,SUCCESS,200
40,24,1752687899.607715,1752687976.6069024,SUCCESS,200
40,25,1752687899.6087654,1752687980.318627,SUCCESS,200
40,23,1752687899.6067731,1752687983.973171,SUCCESS,200
40,22,1752687899.605515,1752687987.62493,SUCCESS,200
40,26,1752687899.6100419,1752687991.2920117,SUCCESS,200
40,20,1752687899.60362,1752687994.9497762,SUCCESS,200
40,27,1752687899.6116557,1752687998.603992,SUCCESS,200
40,29,1752687899.6136684,1752688002.2708194,SUCCESS,200
40,30,1752687899.6146655,1752688005.8475282,SUCCESS,200
40,28,1752687899.6127858,1752688009.3806765,SUCCESS,200
40,31,1752687899.6153646,1752688012.9900744,SUCCESS,200
40,33,1752687899.6175158,1752688016.4942505,SUCCESS,200
40,32,1752687899.6163516,1752688020.15937,SUCCESS,200
40,34,1752687899.6188076,1752688023.8385634,SUCCESS,200
40,35,1752687899.6202123,1752688027.5361383,SUCCESS,200
40,36,1752687899.6215332,1752688031.1945114,SUCCESS,200
40,37,1752687899.6228313,1752688034.846059,SUCCESS,200
40,38,1752687899.624149,1752688038.5304573,SUCCESS,200
40,39,1752687899.625175,1752688042.2516327,SUCCESS,200
40,40,1752687899.6261392,1752688045.9169056,SUCCESS,200
