num_users,user_id,start_time,end_time,status,details,ram_avg_bytes
30,2,1752698579.6860647,1752698581.9207907,SUCCESS,200,47559239.21
30,1,1752698579.6839871,1752698584.1264663,SUCCESS,200,60293878.95
30,4,1752698579.6893282,1752698586.360243,SUCCESS,200,49004241.72
30,5,1752698579.692072,1752698588.583148,SUCCESS,200,59811099.82
30,3,1752698579.6885717,1752698590.798886,SUCCESS,200,54350922.17
30,6,1752698579.69357,1752698593.0206208,SUCCESS,200,47376816.40
30,9,1752698579.6981676,1752698595.2313995,SUCCESS,200,54235227.08
30,11,1752698579.7004333,1752698597.43241,SUCCESS,200,60166069.02
30,8,1752698579.6971476,1752698599.6380339,SUCCESS,200,59696086.47
30,13,1752698579.7036252,1752698601.8410165,SUCCESS,200,56463215.05
30,15,1752698579.705557,1752698604.0578141,SUCCESS,200,53160328.07
30,14,1752698579.7045195,1752698606.2913349,SUCCESS,200,49686936.75
30,17,1752698579.7075896,1752698608.5002973,SUCCESS,200,61105502.84
30,12,1752698579.7020514,1752698610.721192,SUCCESS,200,51846774.85
30,10,1752698579.6989253,1752698612.941119,SUCCESS,200,52021468.89
30,19,1752698579.7097313,1752698615.1820014,SUCCESS,200,47490556.70
30,18,1752698579.7084873,1752698617.393507,SUCCESS,200,54696967.53
30,7,1752698579.6954572,1752698619.606189,SUCCESS,200,50501087.86
30,16,1752698579.7067208,1752698621.8269975,SUCCESS,200,52968013.25
30,20,1752698579.7106352,1752698624.04435,SUCCESS,200,50336152.90
30,21,1752698579.711649,1752698626.2691,SUCCESS,200,58634029.84
30,22,1752698579.71332,1752698628.4861262,SUCCESS,200,52582103.82
30,23,1752698579.714578,1752698630.717148,SUCCESS,200,51155397.09
30,24,1752698579.7160003,1752698632.9479296,SUCCESS,200,58449120.72
30,26,1752698579.718535,1752698635.166706,SUCCESS,200,55480579.87
30,27,1752698579.7196128,1752698637.3960898,SUCCESS,200,54279316.79
30,28,1752698579.7207143,1752698639.5974178,SUCCESS,200,50699382.40
30,25,1752698579.7171617,1752698641.832986,SUCCESS,200,47249177.40
30,29,1752698579.722144,1752698644.041877,SUCCESS,200,56830269.13
30,30,1752698579.7237732,1752698646.259918,SUCCESS,200,57767934.88
