num_users,user_id,start_time,end_time,status,details
40,3,1752680420.603359,1752680421.2751846,SUCCESS,200
40,7,1752680420.6088316,1752680421.2835217,SUCCESS,200
40,4,1752680420.604852,1752680421.2905326,SUCCESS,200
40,9,1752680420.6111603,1752680421.2974708,SUCCESS,200
40,1,1752680420.598795,1752680421.30571,SUCCESS,200
40,10,1752680420.61211,1752680421.313945,SUCCESS,200
40,8,1752680420.6098905,1752680421.3215487,SUCCESS,200
40,2,1752680420.600775,1752680421.3307152,SUCCESS,200
40,5,1752680420.6063972,1752680421.3366272,SUCCESS,200
40,6,1752680420.6078696,1752680421.3447952,SUCCESS,200
40,13,1752680420.615865,1752680421.8840792,SUCCESS,200
40,14,1752680420.6169844,1752680421.8965228,SUCCESS,200
40,12,1752680420.6146376,1752680421.91027,SUCCESS,200
40,11,1752680420.6130035,1752680421.9306557,SUCCESS,200
40,15,1752680420.618282,1752680421.936882,SUCCESS,200
40,21,1752680420.6250055,1752680421.9487324,SUCCESS,200
40,17,1752680420.6206071,1752680421.9553092,SUCCESS,200
40,16,1752680420.6195164,1752680421.964629,SUCCESS,200
40,19,1752680420.6218684,1752680421.9715257,SUCCESS,200
40,18,1752680420.621504,1752680421.9777515,SUCCESS,200
40,20,1752680420.623935,1752680422.4497118,SUCCESS,200
40,23,1752680420.6277614,1752680422.4978724,SUCCESS,200
40,22,1752680420.6264246,1752680422.510504,SUCCESS,200
40,24,1752680420.628249,1752680422.5182116,SUCCESS,200
40,25,1752680420.6302395,1752680422.5563717,SUCCESS,200
40,26,1752680420.6313896,1752680422.579891,SUCCESS,200
40,27,1752680420.6318357,1752680422.5878973,SUCCESS,200
40,30,1752680420.6351318,1752680422.601832,SUCCESS,200
40,28,1752680420.6334722,1752680422.622236,SUCCESS,200
40,29,1752680420.6342144,1752680422.6394858,SUCCESS,200
40,31,1752680420.6361773,1752680423.0125678,SUCCESS,200
40,32,1752680420.637633,1752680423.1091344,SUCCESS,200
40,34,1752680420.6398962,1752680423.116626,SUCCESS,200
40,33,1752680420.6388135,1752680423.16953,SUCCESS,200
40,36,1752680420.6424446,1752680423.1750996,SUCCESS,200
40,35,1752680420.6411154,1752680423.182824,SUCCESS,200
40,37,1752680420.6441853,1752680423.1990516,SUCCESS,200
40,38,1752680420.6452065,1752680423.205466,SUCCESS,200
40,40,1752680420.6484244,1752680423.2108984,SUCCESS,200
40,39,1752680420.6462657,1752680423.2162766,SUCCESS,200
