num_users,user_id,start_time,end_time,status,details
24,3,1752680347.2066317,1752680347.9853168,SUCCESS,200
24,1,1752680347.2031538,1752680348.0028787,SUCCESS,200
24,5,1752680347.2107337,1752680348.019823,SUCCESS,200
24,6,1752680347.211982,1752680348.0308402,SUCCESS,200
24,13,1752680347.2202945,1752680348.0627472,SUCCESS,200
24,11,1752680347.2180054,1752680348.0768092,SUCCESS,200
24,4,1752680347.208733,1752680348.1336913,SUCCESS,200
24,2,1752680347.2050612,1752680348.1433084,SUCCESS,200
24,10,1752680347.216668,1752680348.1502502,SUCCESS,200
24,9,1752680347.2156107,1752680348.1867697,SUCCESS,200
24,12,1752680347.2191885,1752680348.6084557,SUCCESS,200
24,8,1752680347.2147384,1752680348.6145444,SUCCESS,200
24,15,1752680347.222768,1752680348.660177,SUCCESS,200
24,7,1752680347.213672,1752680348.685513,SUCCESS,200
24,14,1752680347.2214873,1752680348.6998456,SUCCESS,200
24,16,1752680347.2243848,1752680348.7061036,SUCCESS,200
24,17,1752680347.2258701,1752680348.7571347,SUCCESS,200
24,20,1752680347.229332,1752680348.7935133,SUCCESS,200
24,19,1752680347.2285938,1752680348.818189,SUCCESS,200
24,18,1752680347.2269194,1752680348.825285,SUCCESS,200
24,22,1752680347.2331233,1752680349.119472,SUCCESS,200
24,21,1752680347.231412,1752680349.1468089,SUCCESS,200
24,24,1752680347.235732,1752680349.153997,SUCCESS,200
24,23,1752680347.2346613,1752680349.2004392,SUCCESS,200
