num_users,user_id,start_time,end_time,status,details
30,1,1752684636.6541421,1752684638.9417324,SUCCESS,200
30,3,1752684636.6582987,1752684638.9493082,SUCCESS,200
30,2,1752684636.656514,1752684641.2081113,SUCCESS,200
30,5,1752684636.6626492,1752684641.2160714,SUCCESS,200
30,4,1752684636.659852,1752684643.46432,SUCCESS,200
30,7,1752684636.6655955,1752684643.4706457,SUCCESS,200
30,6,1752684636.6642199,1752684645.7647672,SUCCESS,200
30,8,1752684636.6672845,1752684645.772038,SUCCESS,200
30,9,1752684636.6677165,1752684648.0651362,SUCCESS,200
30,14,1752684636.6760721,1752684648.073024,SUCCESS,200
30,15,1752684636.6774352,1752684650.3719006,SUCCESS,200
30,13,1752684636.6750813,1752684650.3787663,SUCCESS,200
30,11,1752684636.6710532,1752684652.6620123,SUCCESS,200
30,12,1752684636.6728141,1752684652.6998765,SUCCESS,200
30,10,1752684636.6696327,1752684655.0159757,SUCCESS,200
30,16,1752684636.6790118,1752684655.0327246,SUCCESS,200
30,18,1752684636.681261,1752684657.2932305,SUCCESS,200
30,19,1752684636.6820443,1752684657.3099673,SUCCESS,200
30,17,1752684636.6801484,1752684659.680229,SUCCESS,200
30,21,1752684636.6848147,1752684659.6919534,SUCCESS,200
30,22,1752684636.6865733,1752684661.927187,SUCCESS,200
30,20,1752684636.6840444,1752684661.9428742,SUCCESS,200
30,23,1752684636.6877713,1752684664.1686106,SUCCESS,200
30,24,1752684636.688795,1752684664.1778,SUCCESS,200
30,26,1752684636.690846,1752684666.469564,SUCCESS,200
30,25,1752684636.6896229,1752684666.4768033,SUCCESS,200
30,27,1752684636.6917155,1752684668.730386,SUCCESS,200
30,29,1752684636.6933966,1752684668.7379508,SUCCESS,200
30,30,1752684636.6943974,1752684671.0496292,SUCCESS,200
30,28,1752684636.6925514,1752684671.0567775,SUCCESS,200
