num_users,user_id,start_time,end_time,status,details,ram_avg_bytes
30,1,1752692885.4771302,1752692889.4796906,SUCCESS,200,74039550.22
30,4,1752692885.4837527,1752692893.390812,SUCCESS,200,97836980.73
30,3,1752692885.4816785,1752692897.3254359,SUCCESS,200,82638556.11
30,2,1752692885.479239,1752692901.2606425,SUCCESS,200,85027856.22
30,5,1752692885.486139,1752692905.2228272,SUCCESS,200,89739380.85
30,7,1752692885.4890616,1752692909.1677675,SUCCESS,200,93652332.99
30,9,1752692885.4930727,1752692913.1046417,SUCCESS,200,83992558.39
30,10,1752692885.4948623,1752692917.02761,SUCCESS,200,83636840.76
30,8,1752692885.4907367,1752692921.0100598,SUCCESS,200,90306604.22
30,6,1752692885.487782,1752692924.9164057,SUCCESS,200,91236761.68
30,11,1752692885.4959593,1752692928.8323152,SUCCESS,200,85902683.62
30,13,1752692885.4983375,1752692932.7437463,SUCCESS,200,92555973.32
30,14,1752692885.4995208,1752692936.6981184,SUCCESS,200,86434586.09
30,15,1752692885.5007842,1752692940.6210873,SUCCESS,200,91630741.31
30,18,1752692885.5043252,1752692944.5468862,SUCCESS,200,91110763.39
30,19,1752692885.5049648,1752692948.4787307,SUCCESS,200,90839318.53
30,16,1752692885.5026133,1752692952.4386442,SUCCESS,200,86692709.83
30,17,1752692885.5036168,1752692956.3930452,SUCCESS,200,88484417.76
30,12,1752692885.4971263,1752692960.3329062,SUCCESS,200,93658564.78
30,21,1752692885.50742,1752692964.2649283,SUCCESS,200,81438969.49
30,20,1752692885.506488,1752692968.23113,SUCCESS,200,86010669.19
30,22,1752692885.5088103,1752692972.1837854,SUCCESS,200,88555009.62
30,23,1752692885.5100508,1752692976.135278,SUCCESS,200,92622203.54
30,26,1752692885.512861,1752692980.1412137,SUCCESS,200,101024153.26
30,25,1752692885.5119493,1752692984.0581737,SUCCESS,200,73358477.99
30,27,1752692885.5137737,1752692987.9787962,SUCCESS,200,90671103.51
30,29,1752692885.515012,1752692991.9123874,SUCCESS,200,98121753.69
30,28,1752692885.514448,1752692995.8767698,SUCCESS,200,96232672.85
30,30,1752692885.5158515,1752692999.800181,SUCCESS,200,94044301.63
30,24,1752692885.510872,1752693003.7469094,SUCCESS,200,92127479.11
