num_users,user_id,start_time,end_time,status,details
40,11,1752681418.7250962,1752681419.5139222,SUCCESS,200
40,12,1752681418.7272663,1752681419.5213983,SUCCESS,200
40,8,1752681418.7211018,1752681419.571374,SUCCESS,200
40,5,1752681418.7180438,1752681419.5790188,SUCCESS,200
40,7,1752681418.7201529,1752681419.6048474,SUCCESS,200
40,1,1752681418.7100585,1752681419.627838,SUCCESS,200
40,4,1752681418.7154114,1752681419.6391003,SUCCESS,200
40,9,1752681418.722613,1752681419.6466281,SUCCESS,200
40,3,1752681418.7140284,1752681419.6541157,SUCCESS,200
40,2,1752681418.7124586,1752681419.6853526,SUCCESS,200
40,6,1752681418.7196517,1752681420.1127505,SUCCESS,200
40,10,1752681418.7238662,1752681420.1477296,SUCCESS,200
40,13,1752681418.729279,1752681420.2107825,SUCCESS,200
40,14,1752681418.730626,1752681420.2221284,SUCCESS,200
40,16,1752681418.7330651,1752681420.2440467,SUCCESS,200
40,15,1752681418.7317677,1752681420.2526739,SUCCESS,200
40,17,1752681418.7346146,1752681420.299237,SUCCESS,200
40,19,1752681418.7363281,1752681420.3109505,SUCCESS,200
40,21,1752681418.7394285,1752681420.3448012,SUCCESS,200
40,18,1752681418.735634,1752681420.3488016,SUCCESS,200
40,22,1752681418.740587,1752681420.7256577,SUCCESS,200
40,20,1752681418.738055,1752681420.763196,SUCCESS,200
40,25,1752681418.7437508,1752681420.796091,SUCCESS,200
40,23,1752681418.7419782,1752681420.8589473,SUCCESS,200
40,24,1752681418.7431593,1752681420.8665886,SUCCESS,200
40,26,1752681418.7463672,1752681420.889545,SUCCESS,200
40,28,1752681418.748864,1752681420.9266846,SUCCESS,200
40,27,1752681418.74785,1752681420.9335666,SUCCESS,200
40,30,1752681418.750754,1752681420.9433153,SUCCESS,200
40,29,1752681418.7497425,1752681420.9657362,SUCCESS,200
40,32,1752681418.7539637,1752681421.3178344,SUCCESS,200
40,31,1752681418.7523992,1752681421.3252332,SUCCESS,200
40,34,1752681418.7555838,1752681421.4075136,SUCCESS,200
40,33,1752681418.755186,1752681421.4373658,SUCCESS,200
40,35,1752681418.7576954,1752681421.4427395,SUCCESS,200
40,37,1752681418.7604837,1752681421.4567897,SUCCESS,200
40,40,1752681418.7643118,1752681421.4622118,SUCCESS,200
40,36,1752681418.7590249,1752681421.471113,SUCCESS,200
40,39,1752681418.7633433,1752681421.4776075,SUCCESS,200
40,38,1752681418.7620952,1752681421.5032768,SUCCESS,200
