num_users,user_id,start_time,end_time,status,details
20,10,1752681394.7518005,1752681395.5648012,SUCCESS,200
20,8,1752681394.7492425,1752681395.637012,SUCCESS,200
20,6,1752681394.7453632,1752681395.6453257,SUCCESS,200
20,1,1752681394.7347274,1752681395.6549096,SUCCESS,200
20,7,1752681394.7470515,1752681395.6922567,SUCCESS,200
20,3,1752681394.7386172,1752681395.715137,SUCCESS,200
20,2,1752681394.736803,1752681395.7220757,SUCCESS,200
20,5,1752681394.7426744,1752681395.7339027,SUCCESS,200
20,9,1752681394.7506852,1752681395.742719,SUCCESS,200
20,4,1752681394.7408364,1752681395.7482994,SUCCESS,200
20,12,1752681394.7556345,1752681396.261657,SUCCESS,200
20,13,1752681394.7567186,1752681396.3264651,SUCCESS,200
20,11,1752681394.7535837,1752681396.3322594,SUCCESS,200
20,14,1752681394.7579823,1752681396.364097,SUCCESS,200
20,17,1752681394.7618322,1752681396.371086,SUCCESS,200
20,16,1752681394.7606845,1752681396.3781884,SUCCESS,200
20,18,1752681394.7631083,1752681396.3839629,SUCCESS,200
20,15,1752681394.7594645,1752681396.3897176,SUCCESS,200
20,19,1752681394.7641463,1752681396.4017868,SUCCESS,200
20,20,1752681394.7651927,1752681396.4085007,SUCCESS,200
