num_users,user_id,start_time,end_time,status,details
20,1,1752682931.9953413,1752682934.0801125,SUCCESS,200
20,2,1752682931.997687,1752682936.1400073,SUCCESS,200
20,3,1752682932.0002382,1752682938.2198396,SUCCESS,200
20,4,1752682932.0010748,1752682940.289342,SUCCESS,200
20,8,1752682932.0072076,1752682942.3486624,SUCCESS,200
20,5,1752682932.0037227,1752682944.4213455,SUCCESS,200
20,10,1752682932.0097182,1752682946.515552,SUCCESS,200
20,9,1752682932.009226,1752682948.5772555,SUCCESS,200
20,6,1752682932.0049746,1752682950.6544018,SUCCESS,200
20,7,1752682932.0058875,1752682952.7338207,SUCCESS,200
20,12,1752682932.0126894,1752682954.809879,SUCCESS,200
20,13,1752682932.013854,1752682956.8926165,SUCCESS,200
20,14,1752682932.0147724,1752682958.9795423,SUCCESS,200
20,15,1752682932.017037,1752682961.0641363,SUCCESS,200
20,16,1752682932.018321,1752682963.1278863,SUCCESS,200
20,11,1752682932.0120952,1752682965.2096415,SUCCESS,200
20,17,1752682932.0195181,1752682967.2731159,SUCCESS,200
20,18,1752682932.0207858,1752682969.3399158,SUCCESS,200
20,20,1752682932.0233061,1752682971.4113538,SUCCESS,200
20,19,1752682932.0221758,1752682973.5194767,SUCCESS,200
