num_users,user_id,start_time,end_time,status,details
40,3,1752684681.1069343,1752684683.3937814,SUCCESS,200
40,2,1752684681.10517,1752684683.4005857,SUCCESS,200
40,4,1752684681.109035,1752684685.6970563,SUCCESS,200
40,1,1752684681.1034553,1752684685.7047975,SUCCESS,200
40,5,1752684681.1107228,1752684687.9332433,SUCCESS,200
40,7,1752684681.1134048,1752684687.9448764,SUCCESS,200
40,6,1752684681.112238,1752684690.2159293,SUCCESS,200
40,9,1752684681.1162436,1752684690.2259948,SUCCESS,200
40,8,1752684681.1150198,1752684692.5193388,SUCCESS,200
40,12,1752684681.119269,1752684692.5270605,SUCCESS,200
40,13,1752684681.1205223,1752684694.810597,SUCCESS,200
40,10,1752684681.117713,1752684694.81783,SUCCESS,200
40,14,1752684681.1217961,1752684697.0780256,SUCCESS,200
40,15,1752684681.1229637,1752684697.0855706,SUCCESS,200
40,11,1752684681.1186013,1752684699.3489957,SUCCESS,200
40,16,1752684681.1246307,1752684699.3568676,SUCCESS,200
40,17,1752684681.1257296,1752684701.645743,SUCCESS,200
40,18,1752684681.1263952,1752684701.6527467,SUCCESS,200
40,19,1752684681.1271942,1752684703.93175,SUCCESS,200
40,21,1752684681.1293592,1752684703.9393435,SUCCESS,200
40,22,1752684681.1303785,1752684706.2400393,SUCCESS,200
40,23,1752684681.1317787,1752684706.2474527,SUCCESS,200
40,24,1752684681.132899,1752684708.5319278,SUCCESS,200
40,25,1752684681.1335776,1752684708.5396523,SUCCESS,200
40,26,1752684681.1348152,1752684710.7829633,SUCCESS,200
40,28,1752684681.1374981,1752684710.7897637,SUCCESS,200
40,20,1752684681.1286669,1752684713.0489285,SUCCESS,200
40,29,1752684681.1396933,1752684713.0590296,SUCCESS,200
40,31,1752684681.1424167,1752684715.3026114,SUCCESS,200
40,32,1752684681.1432889,1752684715.3104668,SUCCESS,200
40,27,1752684681.1364336,1752684717.5174973,SUCCESS,200
40,30,1752684681.1409037,1752684717.5241165,SUCCESS,200
40,33,1752684681.1444578,1752684719.8432357,SUCCESS,200
40,36,1752684681.1478603,1752684719.850899,SUCCESS,200
40,35,1752684681.1469324,1752684722.0717683,SUCCESS,200
40,34,1752684681.1458697,1752684722.07944,SUCCESS,200
40,37,1752684681.148841,1752684724.395479,SUCCESS,200
40,38,1752684681.150302,1752684724.402565,SUCCESS,200
40,39,1752684681.1514041,1752684726.6325061,SUCCESS,200
40,40,1752684681.1525364,1752684726.6578581,SUCCESS,200
