num_users,user_id,start_time,end_time,status,details
20,2,1752684603.6994195,1752684605.999768,SUCCESS,200
20,1,1752684603.6973479,1752684606.0075116,SUCCESS,200
20,4,1752684603.7030735,1752684608.2422645,SUCCESS,200
20,5,1752684603.7051036,1752684608.2491488,SUCCESS,200
20,3,1752684603.7011607,1752684610.5548959,SUCCESS,200
20,6,1752684603.7065034,1752684610.562775,SUCCESS,200
20,8,1752684603.709784,1752684612.8093183,SUCCESS,200
20,9,1752684603.711227,1752684612.8165905,SUCCESS,200
20,7,1752684603.7081587,1752684615.1297953,SUCCESS,200
20,10,1752684603.7123456,1752684615.1371372,SUCCESS,200
20,11,1752684603.7137504,1752684617.4315283,SUCCESS,200
20,13,1752684603.7165241,1752684617.4390392,SUCCESS,200
20,12,1752684603.715146,1752684619.6821523,SUCCESS,200
20,14,1752684603.717522,1752684619.692029,SUCCESS,200
20,15,1752684603.7187424,1752684621.9938936,SUCCESS,200
20,16,1752684603.7198906,1752684622.0085993,SUCCESS,200
20,17,1752684603.7208295,1752684624.3173313,SUCCESS,200
20,18,1752684603.7218184,1752684624.3271582,SUCCESS,200
20,19,1752684603.7226634,1752684626.6048474,SUCCESS,200
20,20,1752684603.7236753,1752684626.6122959,SUCCESS,200
