num_users,user_id,start_time,end_time,status,details
10,1,1752684581.943639,1752684584.395534,SUCCESS,200
10,2,1752684581.945678,1752684584.4039795,SUCCESS,200
10,3,1752684581.9478948,1752684586.7343314,SUCCESS,200
10,4,1752684581.9496295,1752684586.758479,SUCCESS,200
10,5,1752684581.9519799,1752684589.0076208,SUCCESS,200
10,6,1752684581.9531722,1752684589.0499995,SUCCESS,200
10,8,1752684581.9559166,1752684591.3443854,SUCCESS,200
10,7,1752684581.9542687,1752684591.3828568,SUCCESS,200
10,9,1752684581.9569976,1752684593.6288383,SUCCESS,200
10,10,1752684581.958155,1752684593.6571558,SUCCESS,200
