num_users,user_id,start_time,end_time,status,details
40,2,1752686048.8640046,1752686052.9612734,SUCCESS,200
40,1,1752686048.8619957,1752686052.971913,SUCCESS,200
40,3,1752686048.8661373,1752686056.9589355,SUCCESS,200
40,4,1752686048.8676457,1752686056.9755614,SUCCESS,200
40,6,1752686048.8714595,1752686060.939879,SUCCESS,200
40,8,1752686048.8742561,1752686060.9513137,SUCCESS,200
40,7,1752686048.872576,1752686064.783081,SUCCESS,200
40,11,1752686048.8774977,1752686064.8481991,SUCCESS,200
40,10,1752686048.876556,1752686068.1192708,SUCCESS,200
40,5,1752686048.869688,1752686068.2068465,SUCCESS,200
40,12,1752686048.8785546,1752686071.5819356,SUCCESS,200
40,9,1752686048.875431,1752686071.6090605,SUCCESS,200
40,13,1752686048.880048,1752686074.981405,SUCCESS,200
40,14,1752686048.8804321,1752686075.1191022,SUCCESS,200
40,15,1752686048.882735,1752686078.3247685,SUCCESS,200
40,17,1752686048.8849013,1752686078.4337687,SUCCESS,200
40,16,1752686048.8839717,1752686081.7435143,SUCCESS,200
40,19,1752686048.887271,1752686081.9184241,SUCCESS,200
40,18,1752686048.8861732,1752686085.2237813,SUCCESS,200
40,20,1752686048.888992,1752686085.273588,SUCCESS,200
40,21,1752686048.8900278,1752686088.744509,SUCCESS,200
40,22,1752686048.8908095,1752686088.7648346,SUCCESS,200
40,24,1752686048.8932445,1752686092.2927735,SUCCESS,200
40,23,1752686048.892136,1752686092.3110144,SUCCESS,200
40,25,1752686048.8942204,1752686095.5907836,SUCCESS,200
40,26,1752686048.8945684,1752686095.605835,SUCCESS,200
40,27,1752686048.8963978,1752686098.9281566,SUCCESS,200
40,28,1752686048.8979995,1752686098.9945924,SUCCESS,200
40,31,1752686048.9007087,1752686102.2023363,SUCCESS,200
40,30,1752686048.8994238,1752686102.3834722,SUCCESS,200
40,32,1752686048.9019046,1752686105.6781104,SUCCESS,200
40,34,1752686048.9042225,1752686105.7468252,SUCCESS,200
40,36,1752686048.906019,1752686108.8466196,SUCCESS,200
40,29,1752686048.899056,1752686108.9661245,SUCCESS,200
40,35,1752686048.905279,1752686112.3027823,SUCCESS,200
40,33,1752686048.903024,1752686112.380745,SUCCESS,200
40,37,1752686048.9080756,1752686115.4504063,SUCCESS,200
40,38,1752686048.9093513,1752686115.4575474,SUCCESS,200
40,40,1752686048.91172,1752686118.5990448,SUCCESS,200
40,39,1752686048.9104226,1752686118.653862,SUCCESS,200
