num_users,user_id,start_time,end_time,status,details
10,1,1752685907.3463762,1752685911.6560352,SUCCESS,200
10,3,1752685907.3505414,1752685911.6818798,SUCCESS,200
10,4,1752685907.3515897,1752685915.6638932,SUCCESS,200
10,5,1752685907.3533137,1752685915.6764822,SUCCESS,200
10,6,1752685907.355631,1752685919.6301951,SUCCESS,200
10,2,1752685907.3488755,1752685919.6364822,SUCCESS,200
10,7,1752685907.3571131,1752685923.7075164,SUCCESS,200
10,8,1752685907.3583467,1752685923.7137814,SUCCESS,200
10,9,1752685907.3593082,1752685927.7243695,SUCCESS,200
10,10,1752685907.3602166,1752685927.7520206,SUCCESS,200
