num_users,user_id,start_time,end_time,status,details
30,2,1752685987.480532,1752685991.5116525,SUCCESS,200
30,1,1752685987.4794784,1752685991.5188205,SUCCESS,200
30,6,1752685987.4897618,1752685995.3463922,SUCCESS,200
30,4,1752685987.4854443,1752685995.3532994,SUCCESS,200
30,8,1752685987.4923968,1752685999.02453,SUCCESS,200
30,5,1752685987.4878826,1752685999.062999,SUCCESS,200
30,7,1752685987.4910517,1752686002.5024016,SUCCESS,200
30,3,1752685987.4835594,1752686002.549746,SUCCESS,200
30,10,1752685987.495615,1752686006.1059806,SUCCESS,200
30,11,1752685987.4962692,1752686006.193059,SUCCESS,200
30,12,1752685987.497147,1752686009.4493835,SUCCESS,200
30,13,1752685987.4976923,1752686009.6750562,SUCCESS,200
30,9,1752685987.4946427,1752686012.7925944,SUCCESS,200
30,14,1752685987.499821,1752686013.0347683,SUCCESS,200
30,17,1752685987.5040684,1752686016.1956127,SUCCESS,200
30,16,1752685987.5027163,1752686016.3670635,SUCCESS,200
30,15,1752685987.5010304,1752686019.5943446,SUCCESS,200
30,18,1752685987.506295,1752686019.7344303,SUCCESS,200
30,19,1752685987.507654,1752686022.9135146,SUCCESS,200
30,20,1752685987.5092297,1752686023.033699,SUCCESS,200
30,23,1752685987.5117655,1752686026.1485631,SUCCESS,200
30,22,1752685987.5107539,1752686026.2418015,SUCCESS,200
30,26,1752685987.5155053,1752686029.3105457,SUCCESS,200
30,24,1752685987.5129366,1752686029.4642274,SUCCESS,200
30,27,1752685987.5164723,1752686032.5162544,SUCCESS,200
30,21,1752685987.5102632,1752686032.5269659,SUCCESS,200
30,25,1752685987.5136547,1752686035.5676913,SUCCESS,200
30,28,1752685987.5175529,1752686035.7216678,SUCCESS,200
30,30,1752685987.5200553,1752686038.6360166,SUCCESS,200
30,29,1752685987.5188198,1752686038.8261352,SUCCESS,200
